Degree,ReferenceLevel,RMSE,MAE,MaxAbsError,BiasEval,AbsErrorEval,InputVariation,InputSaturationRatio,StateSaturationRatio
1,0.25,0.00475523483020813,0.000936307686500029,0.0723027326795362,-8.37787535718451e-05,0.000420763424909502,1.45276268239017,0,0
1,0.55,0.00489319482998567,0.00403633017950986,0.0110040869410834,-0.000318190136561953,0.00391575510187272,2.08227922079735,0,0
1,0.8,0.0224281137857378,0.0183741147331912,0.0465495591804529,-0.00553125765999152,0.0181570549499842,3.84724027637721,0,0.253333333333333
1,0.9,0.0676115847112121,0.0474313708885071,0.148108695531338,0.0348930060250799,0.0473749876248738,4.68289293265278,0,0.37
1,0,0.00094979682038727,0.000146724264034116,0.009071539153924,-3.87907809538653e-18,3.87907809538653e-18,0.206246690908313,0,0
3,0.25,0.00470981717627955,0.000623408160023152,0.0723027326795362,-7.92710718067459e-05,0.00013724500803787,1.43077812399327,0,0
3,0.55,0.000606898924472211,0.000463274389655229,0.00549812212740226,0.000257360755188958,0.000395041922701304,2.00836035119201,0,0
3,0.8,0.017666338946691,0.00881875198439284,0.0509147803461132,-0.0079266755836925,0.00864073255461885,3.52509575437614,0,0.25
3,0.9,0.0666932300627213,0.0385619412272649,0.150022534370947,0.037230783446162,0.0385918533614091,4.46469964761176,0,0.38
3,0,0.00113437443836601,0.000133043255831952,0.0174975521771642,-2.5408837769724e-17,2.5408837769724e-17,0.192706518915538,0,0
5,0.25,0.00470969227927251,0.000621047418348937,0.0723027326795362,-7.97285567482063e-05,0.000136127487041918,1.43063803052513,0,0
5,0.55,0.000551501291390996,0.000397695186105548,0.00549937058010207,0.00024671130864387,0.000355994298293287,2.01161928213927,0,0
5,0.8,0.017441749926914,0.00841537521032474,0.0500420760788427,-0.00784643998255078,0.00841377124582114,3.59238168484808,0,0.25
5,0.9,0.0667021471636915,0.0383452878096367,0.150039042607591,0.0372157998130847,0.0384065043903237,4.51283210184267,0,0.39
5,0,0.00118858367218372,0.000133138609484089,0.0184670641646018,-1.29641919635319e-17,1.56546857219013e-17,0.190824264825008,0,0
7,0.25,0.00470966829189363,0.00062047713354086,0.0723027326795362,-7.97370445557366e-05,0.000135837970818135,1.43064232035981,0,0
7,0.55,0.000552184857171355,0.000401907802467753,0.00549967884591253,0.000243751609587189,0.000360895114980661,2.0111263954646,0,0
7,0.8,0.0174320954260015,0.00843717189271391,0.0499974404121983,-0.00783228603134336,0.00841661779668752,3.57195011545273,0,0.25
7,0.9,0.0666839323004425,0.0383827156869404,0.149999055324336,0.0371765910425736,0.0384263075553983,4.48127418862156,0,0.39
7,0,0.00119295715378229,0.000132949210004631,0.0185450306081344,9.71302754321157e-18,9.71302754321157e-18,0.190411449750273,0,0
